ItemID,Item Name,Item Type,Category,Price
O1111,Open momo,Steam ,Vegetable ,300
O1112,Open momo,Steam ,Chicken ,301
O1113,Open momo,Steam ,Buff ,302
O1114,Open momo,Steam ,Paneer ,303
O1115,Open momo,Steam ,Mushroom ,304
O1116,Open momo,Steam ,Cheese ,305
O1117,Open momo,Steam ,Mutton,306
O1118,Open momo,Fried,Vegetable ,307
O1119,Open momo,Fried,Chicken ,308
O1120,Open momo,Fried,Buff ,309
O1121,Open momo,Fried,Paneer ,310
O1122,Open momo,Fried,Mushroom ,311
O1123,Open momo,Fried,Cheese ,312
O1124,Open momo,Fried,Mutton,314
O1125,Open momo,Spicy,Vegetable ,314
O1126,Open momo,Spicy,Chicken ,315
O1127,Open momo,Spicy,Buff ,316
O1128,Open momo,Spicy,Paneer ,317
O1129,Open momo,Spicy,Mushroom ,318
O1130,Open momo,Spicy,Cheese ,324
O1131,Open momo,Spicy,Mutton,320
O1132,Open momo,Soup ,Vegetable ,321
O1133,Open momo,Soup ,Chicken ,320
O1134,Open momo,Soup ,Buff ,323
O1135,Open momo,Soup ,Paneer ,324
O1136,Open momo,Soup ,Mushroom ,325
O1137,Open momo,Soup ,Cheese ,326
O1138,Open momo,Soup ,Mutton,327
O1139,Open momo,Fried-Spicy,Vegetable ,328
O1140,Open momo,Fried-Spicy,Chicken ,329
O1141,Open momo,Fried-Spicy,Buff ,330
O1142,Open momo,Fried-Spicy,Paneer ,331
S1147,Sadheko momo,Steam ,Chicken ,336
S1148,Sadheko momo,Steam ,Buff ,337
S1149,Sadheko momo,Steam ,Paneer ,338
S1150,Sadheko momo,Steam ,Mushroom ,339
S1151,Sadheko momo,Steam ,Cheese ,340
S1152,Sadheko momo,Steam ,Mutton,341
S1153,Sadheko momo,Fried,Vegetable ,342
S1154,Sadheko momo,Fried,Chicken ,343
S1155,Sadheko momo,Fried,Buff ,344
S1156,Sadheko momo,Fried,Paneer ,345
S1157,Sadheko momo,Fried,Mushroom ,346
S1158,Sadheko momo,Fried,Cheese ,347
S1159,Sadheko momo,Fried,Mutton,348
S1160,Sadheko momo,Spicy,Vegetable ,349
S1161,Sadheko momo,Spicy,Chicken ,350
S1162,Sadheko momo,Spicy,Buff ,351
S1163,Sadheko momo,Spicy,Paneer ,352
S1164,Sadheko momo,Spicy,Mushroom ,359
S1165,Sadheko momo,Spicy,Cheese ,354
S1166,Sadheko momo,Spicy,Mutton,355
S1167,Sadheko momo,Soup ,Vegetable ,356
S1168,Sadheko momo,Soup ,Chicken ,357
S1169,Sadheko momo,Soup ,Buff ,358
S1170,Sadheko momo,Soup ,Paneer ,359
S1171,Sadheko momo,Soup ,Mushroom ,360
S1172,Sadheko momo,Soup ,Cheese ,361
S1173,Sadheko momo,Soup ,Mutton,362
S1174,Sadheko momo,Fried-Spicy,Vegetable ,363
S1175,Sadheko momo,Fried-Spicy,Chicken ,364
S1176,Sadheko momo,Fried-Spicy,Buff ,365
S1177,Sadheko momo,Fried-Spicy,Paneer ,366
S1178,Sadheko momo,Fried-Spicy,Mushroom ,367
S1179,Sadheko momo,Fried-Spicy,Cheese ,368
S1180,Sadheko momo,Fried-Spicy,Mutton,369
T1181,Thulo momo,Steam ,Vegetable ,370
T1182,Thulo momo,Steam ,Chicken ,371
T1183,Thulo momo,Steam ,Buff ,372
T1184,Thulo momo,Steam ,Paneer ,373
T1185,Thulo momo,Steam ,Mushroom ,374
T1186,Thulo momo,Steam ,Cheese ,375
T1187,Thulo momo,Steam ,Mutton,376
T1188,Thulo momo,Fried,Vegetable ,377
T1189,Thulo momo,Fried,Chicken ,378
T1190,Thulo momo,Fried,Buff ,379
T1191,Thulo momo,Fried,Paneer ,380
T1192,Thulo momo,Fried,Mushroom ,381
T1193,Thulo momo,Fried,Cheese ,382
T1194,Thulo momo,Fried,Mutton,383
T1195,Thulo momo,Spicy,Vegetable ,384
T1196,Thulo momo,Spicy,Chicken ,385
T1197,Thulo momo,Spicy,Buff ,386
T1198,Thulo momo,Spicy,Paneer ,387
T1199,Thulo momo,Spicy,Mushroom ,388
T1200,Thulo momo,Spicy,Cheese ,389
T1201,Thulo momo,Spicy,Mutton,390
T1202,Thulo momo,Soup ,Vegetable ,391
T1203,Thulo momo,Soup ,Chicken ,392
T1204,Thulo momo,Soup ,Buff ,393
T1205,Thulo momo,Soup ,Paneer ,394
T1206,Thulo momo,Soup ,Mushroom ,395
T1207,Thulo momo,Soup ,Cheese ,396
T1208,Thulo momo,Soup ,Mutton,397
T1209,Thulo momo,Fried-Spicy,Vegetable ,398
T1210,Thulo momo,Fried-Spicy,Chicken ,399
T1211,Thulo momo,Fried-Spicy,Buff ,400
T1212,Thulo momo,Fried-Spicy,Paneer ,401
T1213,Thulo momo,Fried-Spicy,Mushroom ,402
T1214,Thulo momo,Fried-Spicy,Cheese ,403
T1215,Thulo momo,Fried-Spicy,Mutton,404
J1216,Jhol momo,Steam ,Vegetable ,405
J1217,Jhol momo,Steam ,Chicken ,406
J1218,Jhol momo,Steam ,Buff ,407
J1219,Jhol momo,Steam ,Paneer ,408
J1220,Jhol momo,Steam ,Mushroom ,409
J1221,Jhol momo,Steam ,Cheese ,410
J1222,Jhol momo,Steam ,Mutton,411
J1223,Jhol momo,Fried,Vegetable ,412
J1224,Jhol momo,Fried,Chicken ,413
J1225,Jhol momo,Fried,Buff ,414
J1226,Jhol momo,Fried,Paneer ,415
J1227,Jhol momo,Fried,Mushroom ,416
J1228,Jhol momo,Fried,Cheese ,417
J1229,Jhol momo,Fried,Mutton,418
J1230,Jhol momo,Spicy,Vegetable ,419
J1231,Jhol momo,Spicy,Chicken ,420
J1232,Jhol momo,Spicy,Buff ,421
J1233,Jhol momo,Spicy,Paneer ,422
J1234,Jhol momo,Spicy,Mushroom ,423
J1235,Jhol momo,Spicy,Cheese ,424
J1236,Jhol momo,Spicy,Mutton,425
J1237,Jhol momo,Soup ,Vegetable ,426
J1238,Jhol momo,Soup ,Chicken ,427
J1239,Jhol momo,Soup ,Buff ,428
J1240,Jhol momo,Soup ,Paneer ,429
J1241,Jhol momo,Soup ,Mushroom ,430
J1242,Jhol momo,Soup ,Cheese ,431
J1243,Jhol momo,Soup , Mutton,432
J1244,Jhol momo,Fried-Spicy,Vegetable ,433
J1245,Jhol momo,Fried-Spicy,Chicken ,434
J1246,Jhol momo,Fried-Spicy,Buff ,435
J1247,Jhol momo,Fried-Spicy,Paneer ,436
J1248,Jhol momo,Fried-Spicy,Mushroom ,437
J1249,Jhol momo,Fried-Spicy,Cheese ,438
J1250,Jhol momo,Fried-Spicy,Mutton,439
P1251,Pasta momo,Steam ,Vegetable ,440
P1252,Pasta momo,Steam ,Chicken ,441
P1253,Pasta momo,Steam ,Buff ,442
P1254,Pasta momo,Steam ,Paneer ,443
P1255,Pasta momo,Steam ,Mushroom ,444
P1256,Pasta momo,Steam ,Cheese ,445
P1257,Pasta momo,Steam ,Mutton,446
P1258,Pasta momo,Fried,Vegetable ,447
P1259,Pasta momo,Fried,Chicken ,448
P1260,Pasta momo,Fried,Buff ,449
P1261,Pasta momo,Fried,Paneer ,450
P1262,Pasta momo,Fried,Mushroom ,451
P1263,Pasta momo,Fried,Cheese ,452
P1264,Pasta momo,Fried,Mutton,453
P1265,Pasta momo,Spicy,Vegetable ,454
P1266,Pasta momo,Spicy,Chicken ,455
P1267,Pasta momo,Spicy,Buff ,456
P1268,Pasta momo,Spicy,Paneer ,457
P1269,Pasta momo,Spicy,Mushroom ,458
P1270,Pasta momo,Spicy,Cheese ,459
P1271,Pasta momo,Spicy,Mutton,460
P1272,Pasta momo,Soup ,Vegetable ,461
P1273,Pasta momo,Soup ,Chicken ,462
P1274,Pasta momo,Soup ,Buff ,463
P1275,Pasta momo,Soup ,Paneer ,464
P1276,Pasta momo,Soup ,Mushroom ,465
P1277,Pasta momo,Soup ,Cheese ,466
P1278,Pasta momo,Soup ,Mutton,467
P1279,Pasta momo,Fried-Spicy,Vegetable ,468
P1280,Pasta momo,Fried-Spicy,Chicken ,469
P1281,Pasta momo,Fried-Spicy,Buff ,470
P1282,Pasta momo,Fried-Spicy,Paneer ,471
P1283,Pasta momo,Fried-Spicy,Mushroom ,472
P1284,Pasta momo,Fried-Spicy,Cheese ,473
P1285,Pasta momo,Fried-Spicy,Mutton,474
Thu1286,Thukpa momo,Steam ,Vegetable ,475
Thu1287,Thukpa momo,Steam ,Chicken ,476
Thu1288,Thukpa momo,Steam ,Buff ,477
Thu1289,Thukpa momo,Steam ,Paneer ,478
Thu1290,Thukpa momo,Steam ,Mushroom ,479
Thu1291,Thukpa momo,Steam ,Cheese ,480
Thu1292,Thukpa momo,Steam ,Mutton,481
Thu1293,Thukpa momo,Fried,Vegetable ,482
Thu1294,Thukpa momo,Fried,Chicken ,483
Thu1295,Thukpa momo,Fried,Buff ,484
Thu1296,Thukpa momo,Fried,Paneer ,485
Thu1297,Thukpa momo,Fried,Mushroom,486
Thu1298,Thukpa momo,Fried,Cheese ,487
Thu1299,Thukpa momo,Fried,Mutton,488
Thu1300,Thukpa momo,Spicy,Vegetable ,489
Thu1301,Thukpa momo,Spicy,Chicken ,490
Thu1302,Thukpa momo,Spicy,Buff ,491
Thu1303,Thukpa momo,Spicy,Paneer ,492
Thu1304,Thukpa momo,Spicy,Mushroom ,493
Thu1305,Thukpa momo,Spicy,Cheese ,494
Thu1306,Thukpa momo,Spicy,Mutton,495
Thu1307,Thukpa momo,Soup ,Vegetable ,496
Thu1308,Thukpa momo,Soup ,Chicken ,497
Thu1309,Thukpa momo,Soup ,Buff ,498
Thu1310,Thukpa momo,Soup ,Paneer ,499
Thu1311,Thukpa momo,Soup ,Mushroom ,500
Thu1312,Thukpa momo,Soup ,Cheese ,501
Thu1313,Thukpa momo,Soup ,Mutton,502
Thu1314,Thukpa momo,Fried-Spicy,Vegetable ,503
Thu1315,Thukpa momo,Fried-Spicy,Chicken ,504
Thu1316,Thukpa momo,Fried-Spicy,Buff ,505
Thu1317,Thukpa momo,Fried-Spicy,Paneer ,506
Thu1318,Thukpa momo,Fried-Spicy,Mushroom ,507
Thu1319,Thukpa momo,Fried-Spicy,Cheese ,508
Thu1320,Thukpa momo,Fried-Spicy,Mutton,509
C1321,Chat momo,Steam ,Vegetable ,510
C1322,Chat momo,Steam ,Chicken ,511
C1323,Chat momo,Steam ,Buff ,512
C1324,Chat momo,Steam ,Paneer ,513
C1325,Chat momo,Steam ,Mushroom ,514
C1326,Chat momo,Steam ,Cheese ,515
C1327,Chat momo,Steam ,Mutton,516
C1328,Chat momo,Fried,Vegetable ,517
C1329,Chat momo,Fried,Chicken ,518
C1330,Chat momo,Fried,Buff ,519
C1331,Chat momo,Fried,Paneer ,520
C1332,Chat momo,Fried,Mushroom ,521
C1333,Chat momo,Fried,Cheese ,522
C1334,Chat momo,Fried,Mutton,523
C1335,Chat momo,Spicy,Vegetable ,524
C1336,Chat momo,Spicy,Chicken ,525
C1337,Chat momo,Spicy,Buff ,526
C1338,Chat momo,Spicy,Paneer ,527
C1339,Chat momo,Spicy,Mushroom ,528
C1340,Chat momo,Spicy,Cheese ,529
C1341,Chat momo,Spicy,Mutton,530
C1342,Chat momo,Soup ,Vegetable ,531
C1343,Chat momo,Soup ,Chicken ,532
C1344,Chat momo,Soup ,Buff ,533
C1345,Chat momo,Soup ,Paneer ,534
C1346,Chat momo,Soup ,Mushroom ,535
C1347,Chat momo,Soup ,Cheese ,536
C1348,Chat momo,Soup ,Mutton,537
C1349,Chat momo,Fried-Spicy,Vegetable ,538
C1350,Chat momo,Fried-Spicy,Chicken ,539
C1351,Chat momo,Fried-Spicy,Buff ,540
C1352,Chat momo,Fried-Spicy,Paneer ,541
C1353,Chat momo,Fried-Spicy,Mushroom ,542
C1354,Chat momo,Fried-Spicy,Cheese ,543
C1355,Chat momo,Fried-Spicy,Mutton,544
Jh1356,Jhaneko momo,Steam ,Vegetable ,545
Jh1357,Jhaneko momo,Steam ,Chicken ,546
Jh1358,Jhaneko momo,Steam ,Buff ,547
Jh1359,Jhaneko momo,Steam ,Paneer ,548
Jh1360,Jhaneko momo,Steam ,Mushroom ,549
Jh1361,Jhaneko momo,Steam ,Cheese ,550
Jh1362,Jhaneko momo,Steam ,Mutton,551
Jh1363,Jhaneko momo,Fried,Vegetable ,552
Jh1364,Jhaneko momo,Fried,Chicken ,553
Jh1365,Jhaneko momo,Fried,Buff ,554
Jh1366,Jhaneko momo,Fried,Paneer ,555
Jh1367,Jhaneko momo,Fried,Mushroom ,556
Jh1368,Jhaneko momo,Fried,Cheese ,557
Jh1369,Jhaneko momo,Fried,Mutton,558
Jh1370,Jhaneko momo,Spicy,Vegetable ,559
Jh1371,Jhaneko momo,Spicy,Chicken ,560
Jh1372,Jhaneko momo,Spicy,Buff ,561
Jh1373,Jhaneko momo,Spicy,Paneer ,562
Jh1374,Jhaneko momo,Spicy,Mushroom ,563
Jh1375,Jhaneko momo,Spicy,Cheese ,564
Jh1376,Jhaneko momo,Spicy,Mutton,565
Jh1377,Jhaneko momo,Soup ,Vegetable ,566
Jh1378,Jhaneko momo,Soup ,Chicken ,567
Jh1379,Jhaneko momo,Soup ,Buff ,568
Jh1380,Jhaneko momo,Soup ,Paneer ,569
Jh1381,Jhaneko momo,Soup ,Mushroom ,570
Jh1382,Jhaneko momo,Soup ,Cheese ,571
Jh1383,Jhaneko momo,Soup ,Mutton,572
Jh1384,Jhaneko momo,Fried-Spicy,Vegetable ,573
Jh1385,Jhaneko momo,Fried-Spicy,Chicken ,574
Jh1386,Jhaneko momo,Fried-Spicy,Buff ,575
Jh1387,Jhaneko momo,Fried-Spicy,Paneer ,576
Jh1388,Jhaneko momo,Fried-Spicy,Mushroom ,577
Jh1389,Jhaneko momo,Fried-Spicy,Cheese ,578
Jh1390,Jhaneko momo,Fried-Spicy,Mutton,579
Ko1395,Kothey momo,Steam ,Mushroom ,584
Ko1396,Kothey momo,Steam ,Cheese ,585
Ko1397,Kothey momo,Steam ,Mutton,586
Ko1398,Kothey momo,Fried,Vegetable ,587
Ko1399,Kothey momo,Fried,Chicken ,588
Ko1400,Kothey momo,Fried,Buff ,589
Ko1401,Kothey momo,Fried,Paneer ,590
Ko1402,Kothey momo,Fried,Mushroom ,591
Ko1403,Kothey momo,Fried,Cheese ,592
Ko1404,Kothey momo,Fried,Mutton,593
Ko1405,Kothey momo,Spicy,Vegetable ,594
Ko1406,Kothey momo,Spicy,Chicken ,595
Ko1407,Kothey momo,Spicy,Buff ,596
Ko1408,Kothey momo,Spicy,Paneer ,597
Ko1409,Kothey momo,Spicy,Mushroom ,598
Ko1410,Kothey momo,Spicy,Cheese ,599
Ko1411,Kothey momo,Spicy,Mutton,600
Ko1412,Kothey momo,Soup ,Vegetable ,601
Ko1413,Kothey momo,Soup ,Chicken ,602
Ko1414,Kothey momo,Soup ,Buff ,603
Ko1415,Kothey momo,Soup ,Paneer ,604
Ko1416,Kothey momo,Soup ,Mushroom ,605
Ko1417,Kothey momo,Soup ,Cheese ,606
Ko1418,Kothey momo,Soup ,Mutton,607
Ko1419,Kothey momo,Fried-Spicy,Vegetable ,608
Ko1420,Kothey momo,Fried-Spicy,Chicken ,609
Ko1421,Kothey momo,Fried-Spicy,Buff ,610
Ko1422,Kothey momo,Fried-Spicy,Paneer ,611
Ko1423,Kothey momo,Fried-Spicy,Mushroom ,612
Ko1424,Kothey momo,Fried-Spicy,Cheese ,613
Ko1425,Kothey momo,Fried-Spicy,Mutton,614
G1426,Green momo,Steam ,Vegetable ,615
G1427,Green momo,Steam ,Chicken ,616
G1428,Green momo,Steam ,Buff ,617
G1429,Green momo,Steam ,Paneer ,618
G1430,Green momo,Steam ,Mushroom ,619
G1431,Green momo,Steam ,Cheese ,620
G1432,Green momo,Steam , Mutton,621
G1433,Green momo,Fried,Vegetable ,622
G1434,Green momo,Fried,Chicken ,623
G1435,Green momo,Fried,Buff ,624
G1436,Green momo,Fried,Paneer ,625
G1437,Green momo,Fried,Mushroom ,626
G1438,Green momo,Fried,Cheese ,627
G1439,Green momo,Fried,Mutton,628
G1440,Green momo,Spicy,Vegetable ,629
G1441,Green momo,Spicy,Chicken ,630
G1442,Green momo,Spicy,Buff ,631
G1443,Green momo,Spicy,Paneer ,632
G1444,Green momo,Spicy,Mushroom ,633
G1445,Green momo,Spicy,Cheese ,634
G1446,Green momo,Spicy,Mutton,635
G1447,Green momo,Soup ,Vegetable ,636
G1448,Green momo,Soup ,Chicken ,637
G1449,Green momo,Soup ,Buff ,638
G1450,Green momo,Soup ,Paneer ,639
G1451,Green momo,Soup ,Mushroom ,640
G1452,Green momo,Soup ,Cheese ,641
G1453,Green momo,Soup ,Mutton,642
G1454,Green momo,Fried-Spicy,Vegetable ,643
G1455,Green momo,Fried-Spicy,Chicken ,644
G1456,Green momo,Fried-Spicy,Buff ,645
G1457,Green momo,Fried-Spicy,Paneer ,646
G1458,Green momo,Fried-Spicy,Mushroom ,647
G1459,Green momo,Fried-Spicy,Cheese ,648
G1460,Green momo,Fried-Spicy,Mutton,649
S1461,Sea momo,Steam ,Vegetable ,650
S1462,Sea momo,Steam ,Chicken ,651
S1463,Sea momo,Steam ,Buff ,652
S1464,Sea momo,Steam ,Paneer ,653
S1465,Sea momo,Steam ,Mushroom ,654
S1466,Sea momo,Steam ,Cheese ,655
S1467,Sea momo,Steam ,Mutton,656
S1468,Sea momo,Fried,Vegetable ,657
S1469,Sea momo,Fried,Chicken ,658
S1470,Sea momo,Fried,Buff ,659
S1471,Sea momo,Fried,Paneer ,660
S1472,Sea momo,Fried,Mushroom ,661
S1473,Sea momo,Fried,Cheese ,662
S1474,Sea momo,Fried,Mutton,663
S1475,Sea momo,Spicy,Vegetable ,664
S1476,Sea momo,Spicy,Chicken ,665
S1477,Sea momo,Spicy,Buff ,666
S1478,Sea momo,Spicy,Paneer ,667
S1479,Sea momo,Spicy,Mushroom ,668
S1480,Sea momo,Spicy,Cheese ,669
S1481,Sea momo,Spicy,Mutton,670
S1482,Sea momo,Soup ,Vegetable ,671
S1483,Sea momo,Soup ,Chicken ,672
S1484,Sea momo,Soup ,Buff ,673
S1485,Sea momo,Soup ,Paneer ,674
S1486,Sea momo,Soup ,Mushroom ,675
S1487,Sea momo,Soup ,Cheese ,676
S1488,Sea momo,Soup ,Mutton,677
S1489,Sea momo,Fried-Spicy,Vegetable ,678
S1490,Sea momo,Fried-Spicy,Chicken ,679
S1491,Sea momo,Fried-Spicy,Buff ,680
S1492,Sea momo,Fried-Spicy,Paneer ,681
S1493,Sea momo,Fried-Spicy,Mushroom ,682
S1494,Sea momo,Fried-Spicy,Cheese ,683
S1495,Sea momo,Fried-Spicy,Mutton,684
Ph1496,Pharpar momo,Steam ,Vegetable ,685
Ph1497,Pharpar momo,Steam ,Chicken ,686
Ph1498,Pharpar momo,Steam ,Buff ,687
Ph1499,Pharpar momo,Steam ,Paneer ,688
Ph1500,Pharpar momo,Steam ,Mushroom ,689
Ph1501,Pharpar momo,Steam ,Cheese ,690
Ph1502,Pharpar momo,Steam ,Mutton,691
Ph1503,Pharpar momo,Fried,Vegetable ,692
Ph1504,Pharpar momo,Fried,Chicken ,693
Ph1505,Pharpar momo,Fried,Buff ,694
Ph1506,Pharpar momo,Fried,Paneer ,695
Ph1507,Pharpar momo,Fried,Mushroom ,696
Ph1508,Pharpar momo,Fried,Cheese ,697
Ph1509,Pharpar momo,Fried,Mutton,698
Ph1510,Pharpar momo,Spicy,Vegetable ,699
Ph1511,Pharpar momo,Spicy,Chicken ,700
Ph1512,Pharpar momo,Spicy,Buff ,701
Ph1513,Pharpar momo,Spicy,Paneer ,702
Ph1514,Pharpar momo,Spicy,Mushroom ,703
Ph1515,Pharpar momo,Spicy,Cheese ,704
Ph1516,Pharpar momo,Spicy,Mutton,705
Ph1517,Pharpar momo,Soup ,Vegetable ,706
Ph1518,Pharpar momo,Soup ,Chicken ,707
Ph1519,Pharpar momo,Soup ,Buff ,708
Ph1520,Pharpar momo,Soup ,Paneer ,709
Ph1521,Pharpar momo,Soup ,Mushroom ,710
Ph1522,Pharpar momo,Soup ,Cheese ,711
Ph1523,Pharpar momo,Soup ,Mutton,712
Ph1524,Pharpar momo,Fried-Spicy,Vegetable ,713
Ph1525,Pharpar momo,Fried-Spicy,Chicken ,714
Ph1526,Pharpar momo,Fried-Spicy,Buff ,715
Ph1527,Pharpar momo,Fried-Spicy,Paneer ,716
Ph1528,Pharpar momo,Fried-Spicy,Mushroom ,717
Ph1529,Pharpar momo,Fried-Spicy,Cheese ,718
L1531,Lahaping momo,Steam ,Vegetable ,720
L1532,Lahaping momo,Steam ,Chicken ,721
L1533,Lahaping momo,Steam ,Buff ,722
L1534,Lahaping momo,Steam ,Paneer ,723
L1535,Lahaping momo,Steam ,Mushroom ,724
L1536,Lahaping momo,Steam ,Cheese ,725
L1537,Lahaping momo,Steam , Mutton,726
L1538,Lahaping momo,Fried,Vegetable ,727
L1539,Lahaping momo,Fried,Chicken ,728
L1540,Lahaping momo,Fried,Buff ,729
L1541,Lahaping momo,Fried,Paneer ,730
L1542,Lahaping momo,Fried,Mushroom ,800
L1543,Lahaping momo,Fried,Cheese ,732
L1544,Lahaping momo,Fried,Mutton,733
L1545,Lahaping momo,Spicy,Vegetable ,734
L1546,Lahaping momo,Spicy,Chicken ,735
L1547,Lahaping momo,Spicy,Buff ,736
L1548,Lahaping momo,Spicy,Paneer ,737
L1549,Lahaping momo,Spicy,Mushroom ,738
L1550,Lahaping momo,Spicy,Cheese ,739
L1551,Lahaping momo,Spicy,Mutton,740
L1552,Lahaping momo,Soup ,Vegetable ,741
L1553,Lahaping momo,Soup ,Chicken ,742
L1554,Lahaping momo,Soup ,Buff ,743
L1555,Lahaping momo,Soup ,Paneer ,744
L1556,Lahaping momo,Soup ,Mushroom ,745
L1557,Lahaping momo,Soup ,Cheese ,746
L1558,Lahaping momo,Soup ,Mutton,747
L1559,Lahaping momo,Fried-Spicy,Vegetable ,748
L1560,Lahaping momo,Fried-Spicy,Chicken ,749
L1561,Lahaping momo,Fried-Spicy,Buff ,750
L1562,Lahaping momo,Fried-Spicy,Paneer ,751
L1563,Lahaping momo,Fried-Spicy,Mushroom ,752
