<?xml version="1.0"?>
<?xml-stylesheet href="catalog_17031123.css"?>
<!DOCTYPE mycompany SYSTEM "catalog_17031123.dtd">
<mycompany>
  <company_info>
    <company_name>IT_solution pvt.ltd</company_name>
    <company_address>Baneshwor, Kathmandu</company_address>
    <company_telephone_number>14217552</company_telephone_number>
    <company_mobile_number>9860401021</company_mobile_number>
    <company_website>www.itsolutionnepal.com.np</company_website>
    <company_image/>
  </company_info>
  <CEO>
    <info>
      <ceo_name>saugat poudel</ceo_name>
      <ceo_address>bouddha,nepal</ceo_address>
      <ceo_phone>9860401034</ceo_phone>
      <ceo_mail>sauugat@gmail.com</ceo_mail>
      <ceoimg></ceoimg>
    </info>
    <general_department id="1">
      <gen_name>Research and Development:</gen_name>
      <gen_description>All things related to research and new development of company is handled by this department.</gen_description>
    </general_department>
    <general_department id="2">
      <gen_name>Marketing Department</gen_name>
      <gen_description>:All things related to business and marketing is done under this department</gen_description>
    </general_department>
    <general_department id="3">
      <gen_name>Human Resource:</gen_name>
      <gen_description>All works related to human resource is handled by this department.</gen_description>
    </general_department>
    <general_department id="4">
      <gen_name>Customer Service:</gen_name>
      <gen_description>This department records customer data and work as a helper to the customer by providing information.</gen_description>
    </general_department>
    <project_manager>
      <pminfo>
        <pmname>hari khadka</pmname>
        <pmphone>9860102134</pmphone>
        <pmaddress>gyaneshwor</pmaddress>
        <managerimg/>
      </pminfo>
      <technical_department id="1">
        <tech_name>Web department</tech_name>
        <tech_description>here, all the works related to web are done.</tech_description>
        <tech_team_leader>spandan bhandari</tech_team_leader>
      </technical_department>
      <technical_department id="2">
        <tech_name>Mobile department</tech_name>
        <tech_description>here, all works related to mobile is done.</tech_description>
        <tech_team_leader>binayak joshi</tech_team_leader>
      </technical_department>
    </project_manager>
  </CEO>
</mycompany>
